{
  "num_clusters": 313,
  "num_samples": 37412,
  "cluster_density": 119.52715654952077,
  "silhouette_score": -0.48337797953283723,
  "calinski_harabasz": 30.814352886335424,
  "davies_bouldin": 7.523027428532538,
  "metrics_source": "approximated_features",
  "min_cluster_size": 20,
  "max_cluster_size": 13897,
  "mean_cluster_size": 119.52715654952077,
  "median_cluster_size": 45.0,
  "std_cluster_size": 787.2410685815623,
  "cluster_size_cv": 6.586294623811318,
  "small_clusters_pct": 96.80511182108627,
  "division_rand_score": 0.005565700801651529,
  "division_mutual_info": 0.3019453997391969,
  "division_nmi": 0.3241461495853068,
  "subcategory_rand_score": 0.005420407377142308,
  "subcategory_mutual_info": 0.35237534819373245,
  "subcategory_nmi": 0.4865553622376698,
  "avg_top_seller_concentration": 0.5353867764429513,
  "avg_top3_seller_concentration": 0.7067572315842919,
  "high_concentration_clusters": 93,
  "avg_price_cv": 1.1866875276278817,
  "price_homogeneity": -0.18668752762788166,
  "avg_price_range_ratio": 7.784585178160028,
  "avg_centroid_distance": 480.59647714864724,
  "min_centroid_distance": 2.219690393835393,
  "execution_time": 2.0575790405273438
}