{
  "num_clusters": 290,
  "num_samples": 14152,
  "cluster_density": 48.8,
  "silhouette_score": 0.6175426840782166,
  "calinski_harabasz": 17463.193359375,
  "davies_bouldin": 0.4508163822179646,
  "metrics_source": "original_embeddings",
  "division_rand_score": 0.07091394827925962,
  "division_mutual_info": 0.490950042324781,
  "division_nmi": 0.5202652706806629,
  "subcategory_rand_score": 0.32423305199531005,
  "subcategory_mutual_info": 0.6418951912877197,
  "subcategory_nmi": 0.7457783706900138,
  "avg_top_seller_concentration": 0.6456662521430698,
  "avg_top3_seller_concentration": 0.8242820587375157,
  "high_concentration_clusters": 118,
  "avg_price_cv": 0.7738263984546226,
  "price_homogeneity": 0.22617360154537736,
  "avg_price_range_ratio": 3.859174102109353,
  "avg_centroid_distance": 693.3494296484635,
  "min_centroid_distance": 2.2061758292919658,
  "execution_time": 0.5374972820281982
}