{
  "num_clusters": 200,
  "num_samples": 14152,
  "cluster_density": 70.76,
  "silhouette_score": 0.4777244031429291,
  "calinski_harabasz": 8874.4609375,
  "davies_bouldin": 0.6953260953834931,
  "metrics_source": "original_embeddings",
  "division_rand_score": 0.05027399416340699,
  "division_mutual_info": 0.36373781494685614,
  "division_nmi": 0.39156420004274967,
  "subcategory_rand_score": 0.23479804258787465,
  "subcategory_mutual_info": 0.5005321280884604,
  "subcategory_nmi": 0.6284031964481758,
  "avg_top_seller_concentration": 0.4871762763994332,
  "avg_top3_seller_concentration": 0.6627053418676612,
  "high_concentration_clusters": 53,
  "avg_price_cv": 1.1346040168873335,
  "price_homogeneity": -0.13460401688733348,
  "avg_price_range_ratio": 6.395942442105873,
  "avg_centroid_distance": 599.4777500801457,
  "min_centroid_distance": 4.505587503316772,
  "execution_time": 0.46127843856811523
}