{
  "num_clusters": 175,
  "num_samples": 14152,
  "cluster_density": 80.86857142857143,
  "silhouette_score": 0.3138604612294473,
  "calinski_harabasz": 1058.4639222387618,
  "davies_bouldin": 1.027428070983387,
  "metrics_source": "original_embeddings",
  "division_rand_score": 0.03075807062017967,
  "division_mutual_info": 0.2960196166272528,
  "division_nmi": 0.32416761982600495,
  "subcategory_rand_score": 0.08511160656961483,
  "subcategory_mutual_info": 0.3878820863602479,
  "subcategory_nmi": 0.5192856532328609,
  "avg_top_seller_concentration": 0.8065542266750683,
  "avg_top3_seller_concentration": 0.855904841779495,
  "high_concentration_clusters": 133,
  "avg_price_cv": 0.33526512464592956,
  "price_homogeneity": 0.6647348753540705,
  "avg_price_range_ratio": 1.259732252071064,
  "avg_centroid_distance": 956.7867447118092,
  "min_centroid_distance": 7.28228283294866,
  "execution_time": 0.5257258415222168
}