{
  "num_clusters": 270,
  "num_samples": 14152,
  "cluster_density": 52.41481481481482,
  "silhouette_score": 0.34482496793127543,
  "calinski_harabasz": 933.1892865956293,
  "davies_bouldin": 0.9208029357355603,
  "metrics_source": "original_embeddings",
  "division_rand_score": 0.03101825276396378,
  "division_mutual_info": 0.33389942279815965,
  "division_nmi": 0.3706963173100895,
  "subcategory_rand_score": 0.11345283177906687,
  "subcategory_mutual_info": 0.43343548219055206,
  "subcategory_nmi": 0.5823906183115022,
  "avg_top_seller_concentration": 0.808576048645681,
  "avg_top3_seller_concentration": 0.8838698333368349,
  "high_concentration_clusters": 200,
  "avg_price_cv": 0.3108110061253084,
  "price_homogeneity": 0.6891889938746916,
  "avg_price_range_ratio": 1.1763472676362055,
  "avg_centroid_distance": 867.3223718153341,
  "min_centroid_distance": 4.0123867521687835,
  "execution_time": 0.6026899814605713
}