{
  "num_clusters": 55,
  "num_samples": 14152,
  "cluster_density": 257.3090909090909,
  "silhouette_score": 0.5575743913650513,
  "calinski_harabasz": 1457.08935546875,
  "davies_bouldin": 1.02379571873883,
  "metrics_source": "original_embeddings",
  "division_rand_score": 0.034469044734979734,
  "division_mutual_info": 0.25588889266611375,
  "division_nmi": 0.26800794192005795,
  "subcategory_rand_score": 0.02893807556037334,
  "subcategory_mutual_info": 0.3430609798319401,
  "subcategory_nmi": 0.4131013068108238,
  "avg_top_seller_concentration": 0.7245062872380945,
  "avg_top3_seller_concentration": 0.8370113118325125,
  "high_concentration_clusters": 31,
  "avg_price_cv": 0.5688366175933772,
  "price_homogeneity": 0.4311633824066228,
  "avg_price_range_ratio": 2.7916866287908793,
  "avg_centroid_distance": 774.4492946782416,
  "min_centroid_distance": 4.697367078393193,
  "noise_percent": 13.178349349915205,
  "execution_time": 0.34822630882263184
}