{
  "num_clusters": 299,
  "num_samples": 14152,
  "cluster_density": 47.331103678929765,
  "silhouette_score": 0.6262938976287842,
  "calinski_harabasz": 18182.8671875,
  "davies_bouldin": 0.4502848960112012,
  "metrics_source": "original_embeddings",
  "division_rand_score": 0.06872593981477598,
  "division_mutual_info": 0.4905590793835668,
  "division_nmi": 0.5206619329110019,
  "subcategory_rand_score": 0.3306306694694951,
  "subcategory_mutual_info": 0.6428330255048595,
  "subcategory_nmi": 0.7483802713035249,
  "avg_top_seller_concentration": 0.6447610937673076,
  "avg_top3_seller_concentration": 0.82479729588397,
  "high_concentration_clusters": 119,
  "avg_price_cv": 0.7726336621246991,
  "price_homogeneity": 0.22736633787530092,
  "avg_price_range_ratio": 3.81441299911135,
  "avg_centroid_distance": 689.1424625106492,
  "min_centroid_distance": 2.2061758292919658,
  "execution_time": 0.6019811630249023
}